{
  "total_value_usd": 0.45596549999999997,
  "realized_pnl_usd": 0.0,
  "unrealized_pnl_usd": 0.0,
  "series": [
    {
      "ts": 1776800172,
      "value_usd": 0.4559655
    },
    {
      "ts": 1776800472,
      "value_usd": 0.4559655
    },
    {
      "ts": 1776800772,
      "value_usd": 0.45596549999999997
    }
  ]
}